{
  "params_used": [
    [
      2,
      "sqrt"
    ],
    [
      2,
      "log2"
    ],
    [
      2,
      0.25
    ],
    [
      2,
      0.5
    ],
    [
      2,
      0.75
    ],
    [
      2,
      1
    ],
    [
      2,
      5
    ],
    [
      2,
      10
    ],
    [
      2,
      20
    ],
    [
      2,
      null
    ],
    [
      5,
      "sqrt"
    ],
    [
      5,
      "log2"
    ],
    [
      5,
      0.25
    ],
    [
      5,
      0.5
    ],
    [
      5,
      0.75
    ],
    [
      5,
      1
    ],
    [
      5,
      5
    ],
    [
      5,
      10
    ],
    [
      5,
      20
    ],
    [
      5,
      null
    ]
  ],
  "metrics": [
    {
      "fold": 0,
      "accuracy": 0.78,
      "f1": 0.773049032610825,
      "precision": 0.7841310982486639,
      "recall": 0.78,
      "std_dev": 0.08979730363243468,
      "confusion_matrix": [
        [
          119,
          0,
          0,
          3,
          0,
          1,
          1,
          0,
          0,
          0
        ],
        [
          0,
          137,
          1,
          1,
          0,
          0,
          0,
          2,
          0,
          0
        ],
        [
          5,
          2,
          98,
          7,
          1,
          0,
          2,
          4,
          4,
          2
        ],
        [
          1,
          4,
          4,
          104,
          1,
          5,
          1,
          1,
          4,
          2
        ],
        [
          2,
          2,
          0,
          3,
          93,
          1,
          4,
          8,
          3,
          5
        ],
        [
          9,
          9,
          1,
          17,
          8,
          50,
          5,
          4,
          3,
          7
        ],
        [
          10,
          4,
          4,
          4,
          8,
          4,
          82,
          6,
          1,
          0
        ],
        [
          0,
          4,
          3,
          2,
          1,
          0,
          0,
          111,
          2,
          7
        ],
        [
          1,
          14,
          5,
          7,
          2,
          3,
          4,
          2,
          80,
          4
        ],
        [
          0,
          3,
          1,
          3,
          8,
          0,
          0,
          8,
          0,
          101
        ]
      ],
      "diversity": 0.012755533412618843
    },
    {
      "fold": 1,
      "accuracy": 0.8024,
      "f1": 0.7992473789802131,
      "precision": 0.8082914913443255,
      "recall": 0.8024,
      "std_dev": 0.08540004941116919,
      "confusion_matrix": [
        [
          118,
          0,
          0,
          1,
          1,
          1,
          1,
          0,
          2,
          0
        ],
        [
          0,
          136,
          1,
          0,
          0,
          0,
          1,
          0,
          3,
          0
        ],
        [
          3,
          11,
          92,
          0,
          5,
          1,
          4,
          3,
          4,
          1
        ],
        [
          4,
          7,
          3,
          95,
          0,
          6,
          0,
          5,
          6,
          1
        ],
        [
          2,
          4,
          1,
          2,
          94,
          0,
          1,
          1,
          3,
          14
        ],
        [
          8,
          5,
          0,
          23,
          3,
          61,
          3,
          1,
          5,
          4
        ],
        [
          5,
          1,
          6,
          4,
          3,
          0,
          101,
          1,
          1,
          0
        ],
        [
          2,
          5,
          3,
          0,
          0,
          0,
          0,
          111,
          0,
          9
        ],
        [
          2,
          12,
          0,
          7,
          2,
          3,
          1,
          0,
          91,
          4
        ],
        [
          0,
          3,
          3,
          2,
          5,
          0,
          0,
          5,
          3,
          104
        ]
      ],
      "diversity": 0.01297802229242434
    },
    {
      "fold": 2,
      "accuracy": 0.7888,
      "f1": 0.7856810418526476,
      "precision": 0.7988098724840306,
      "recall": 0.7888,
      "std_dev": 0.08870023205907002,
      "confusion_matrix": [
        [
          116,
          0,
          1,
          3,
          0,
          1,
          1,
          1,
          0,
          0
        ],
        [
          0,
          137,
          2,
          0,
          1,
          0,
          0,
          0,
          1,
          0
        ],
        [
          4,
          8,
          96,
          4,
          3,
          0,
          3,
          3,
          2,
          2
        ],
        [
          2,
          12,
          8,
          88,
          0,
          5,
          0,
          5,
          4,
          4
        ],
        [
          2,
          1,
          1,
          1,
          95,
          0,
          2,
          0,
          1,
          19
        ],
        [
          11,
          4,
          0,
          15,
          8,
          60,
          1,
          0,
          8,
          6
        ],
        [
          6,
          1,
          3,
          2,
          3,
          0,
          104,
          0,
          3,
          0
        ],
        [
          3,
          3,
          2,
          0,
          6,
          0,
          0,
          105,
          1,
          10
        ],
        [
          0,
          13,
          1,
          7,
          3,
          1,
          3,
          0,
          84,
          9
        ],
        [
          2,
          5,
          1,
          2,
          9,
          0,
          2,
          3,
          0,
          101
        ]
      ],
      "diversity": 0.013501326182623242
    },
    {
      "fold": 3,
      "accuracy": 0.7888,
      "f1": 0.7835935735318701,
      "precision": 0.7905523949191513,
      "recall": 0.7888,
      "std_dev": 0.09203927112914476,
      "confusion_matrix": [
        [
          116,
          1,
          1,
          0,
          0,
          0,
          4,
          0,
          1,
          0
        ],
        [
          0,
          140,
          0,
          0,
          0,
          0,
          0,
          0,
          1,
          0
        ],
        [
          1,
          7,
          103,
          2,
          2,
          0,
          6,
          1,
          3,
          0
        ],
        [
          3,
          6,
          4,
          94,
          0,
          8,
          0,
          2,
          7,
          4
        ],
        [
          1,
          1,
          1,
          0,
          89,
          0,
          6,
          3,
          3,
          18
        ],
        [
          14,
          4,
          1,
          14,
          6,
          52,
          3,
          3,
          4,
          11
        ],
        [
          5,
          3,
          4,
          3,
          1,
          4,
          97,
          2,
          4,
          0
        ],
        [
          1,
          4,
          8,
          0,
          1,
          0,
          0,
          110,
          2,
          4
        ],
        [
          0,
          19,
          2,
          4,
          0,
          3,
          1,
          0,
          90,
          3
        ],
        [
          1,
          6,
          1,
          1,
          7,
          4,
          5,
          4,
          0,
          95
        ]
      ],
      "diversity": 0.013150306163597688
    },
    {
      "fold": 4,
      "accuracy": 0.7992,
      "f1": 0.7965834495657996,
      "precision": 0.8054702273853054,
      "recall": 0.7992,
      "std_dev": 0.08514481950177909,