{
  "params_used": [
    [
      2,
      "sqrt"
    ],
    [
      2,
      "log2"
    ],
    [
      2,
      0.25
    ],
    [
      2,
      0.5
    ],
    [
      2,
      0.75
    ],
    [
      2,
      1
    ],
    [
      2,
      5
    ],
    [
      2,
      10
    ],
    [
      2,
      20
    ],
    [
      2,
      null
    ],
    [
      5,
      "sqrt"
    ],
    [
      5,
      "log2"
    ],
    [
      5,
      0.25
    ],
    [
      5,
      0.5
    ],
    [
      5,
      0.75
    ],
    [
      5,
      1
    ],
    [
      5,
      5
    ],
    [
      5,
      10
    ],
    [
      5,
      20
    ],
    [
      5,
      null
    ]
  ],
  "metrics": [
    {
      "fold": 0,
      "accuracy": 0.7905,
      "f1": 0.7883297893829523,
      "precision": 0.7977899584339784,
      "recall": 0.7905,
      "std_dev": 0.08812416893028974,
      "confusion_matrix": [
        [
          179,
          0,
          5,
          5,
          0,
          0,
          0,
          5,
          2,
          1
        ],
        [
          0,
          219,
          1,
          1,
          0,
          0,
          1,
          3,
          5,
          0
        ],
        [
          8,
          24,
          137,
          4,
          0,
          0,
          6,
          5,
          7,
          3
        ],
        [
          4,
          6,
          8,
          154,
          3,
          4,
          3,
          4,
          11,
          9
        ],
        [
          2,
          1,
          2,
          1,
          136,
          0,
          3,
          7,
          2,
          27
        ],
        [
          12,
          8,
          2,
          34,
          4,
          112,
          2,
          3,
          7,
          3
        ],
        [
          5,
          6,
          4,
          4,
          6,
          4,
          157,
          1,
          4,
          1
        ],
        [
          6,
          4,
          5,
          1,
          0,
          0,
          0,
          179,
          2,
          14
        ],
        [
          1,
          25,
          4,
          9,
          1,
          4,
          5,
          1,
          135,
          9
        ],
        [
          3,
          4,
          0,
          4,
          6,
          4,
          0,
          12,
          2,
          173
        ]
      ],
      "diversity": 0.012852865112144037
    },
    {
      "fold": 1,
      "accuracy": 0.778,
      "f1": 0.7740284529828112,
      "precision": 0.7861541991846276,
      "recall": 0.778,
      "std_dev": 0.08655731741704724,
      "confusion_matrix": [
        [
          185,
          2,
          0,
          1,
          0,
          1,
          3,
          0,
          4,
          1
        ],
        [
          0,
          220,
          3,
          4,
          0,
          0,
          0,
          3,
          0,
          0
        ],
        [
          8,
          16,
          129,
          8,
          5,
          2,
          9,
          7,
          7,
          2
        ],
        [
          2,
          7,
          12,
          166,
          2,
          5,
          1,
          4,
          1,
          7
        ],
        [
          0,
          3,
          1,
          3,
          133,
          0,
          7,
          4,
          3,
          27
        ],
        [
          8,
          6,
          0,
          37,
          5,
          100,
          5,
          8,
          3,
          16
        ],
        [
          6,
          4,
          6,
          5,
          5,
          4,
          155,
          2,
          4,
          1
        ],
        [
          2,
          4,
          9,
          2,
          1,
          0,
          0,
          184,
          2,
          7
        ],
        [
          0,
          26,
          8,
          21,
          1,
          1,
          1,
          4,
          123,
          9
        ],
        [
          4,
          5,
          0,
          7,
          17,
          2,
          1,
          6,
          4,
          161
        ]
      ],
      "diversity": 0.013154164736614907
    },
    {
      "fold": 2,
      "accuracy": 0.8025,
      "f1": 0.800126179084958,
      "precision": 0.8115357042706434,
      "recall": 0.8025,
      "std_dev": 0.09235024361460988,
      "confusion_matrix": [
        [
          188,
          0,
          1,
          1,
          1,
          0,
          0,
          1,
          5,
          0
        ],
        [
          0,
          222,
          0,
          0,
          0,
          1,
          0,
          2,
          4,
          1
        ],
        [
          7,
          16,
          149,
          1,
          2,
          0,
          7,
          7,
          3,
          1
        ],
        [
          3,
          19,
          6,
          155,
          1,
          2,
          2,
          2,
          6,
          11
        ],
        [
          0,
          3,
          1,
          2,
          130,
          1,
          7,
          3,
          2,
          32
        ],
        [
          5,
          9,
          0,
          26,
          10,
          113,
          3,
          1,
          11,
          10
        ],
        [
          5,
          9,
          1,
          0,
          6,
          3,
          167,
          0,
          1,
          0
        ],
        [
          0,
          6,
          9,
          0,
          4,
          0,
          0,
          173,
          2,
          17
        ],
        [
          3,
          13,
          6,
          17,
          2,
          4,
          7,
          1,
          129,
          12
        ],
        [
          1,
          4,
          3,
          0,
          13,
          0,
          1,
          5,
          1,
          179
        ]
      ],
      "diversity": 0.013252087958573685
    },
    {
      "fold": 3,
      "accuracy": 0.77,
      "f1": 0.7652768463130899,
      "precision": 0.778083514565536,
      "recall": 0.77,
      "std_dev": 0.09071864986572005,
      "confusion_matrix": [
        [
          180,
          1,
          2,
          1,
          0,
          1,
          10,
          1,
          0,
          0
        ],
        [
          0,
          226,
          0,
          1,
          0,
          1,
          0,
          2,
          1,
          0
        ],
        [
          3,
          12,
          147,
          4,
          1,
          0,
          6,
          9,
          9,
          2
        ],
        [
          0,
          7,
          8,
          165,
          0,
          8,
          2,
          5,
          4,
          8
        ],
        [
          2,
          4,
          0,
          2,
          117,
          0,
          12,
          4,
          3,
          37
        ],
        [
          8,
          13,
          2,
          39,
          8,
          96,
          6,
          3,
          5,
          7
        ],
        [
          6,
          8,
          7,
          0,
          2,
          3,
          164,
          2,
          1,
          0
        ],
        [
          0,
          11,
          1,
          0,
          7,
          0,
          0,
          173,
          3,
          16
        ],
        [
          0,
          23,
          13,
          19,
          5,
          3,
          3,
          2,
          116,
          10
        ],
        [
          2,
          7,
          0,
          12,
          4,
          5,
          2,
          16,
          3,
          156
        ]
      ],
      "diversity": 0.013508221204857063
    },
    {
      "fold": 4,
      "accuracy": 0.8115,
      "f1": 0.8074951953681272,
      "precision": 0.8179185605464222,